No,Keywords,Volume,Position,Est. Visits,Seo Difficulty,Ranking Url
1,mercafilo,480,1,195,22,http://mercafilo.es/
2,cuchillerias en valencia,210,23,1,18,http://mercafilo.es/
3,cuchillería casa tomás,110,17,1,20,http://mercafilo.es/cuchillos/tomas-gomez/
4,cuchilleria casa tomas,480,28,1,20,http://mercafilo.es/cuchillos/tomas-gomez/
5,cuchillería gómez gijón,390,19,1,18,http://mercafilo.es/cuchillos/tomas-gomez/
6,tipo de aceros,590,73,0,13,http://mercafilo.es/clasificacion-del-acero/
7,maquinas de afilar,140,25,0,13,http://mercafilo.es/afilado/maquinaria-de-afilado/
8,cuchilleria gomez gijon,140,22,0,19,http://mercafilo.es/cuchillos/tomas-gomez/
9,tipo de acero,590,78,0,12,http://mercafilo.es/clasificacion-del-acero/
10,maquina de afilar cuchillos,320,25,0,23,http://mercafilo.es/maquinas-y-estaciones-de-afilado/
11,cuchillo valenciano,210,22,0,10,http://mercafilo.es/cuchillos/
12,guantes de malla metálica,140,46,0,14,http://mercafilo.es/equipos-de-proteccion-individual/guantes-malla-anticorte/
13,tipos.de acero,590,24,0,15,http://mercafilo.es/clasificacion-del-acero/
14,cuchillas industriales rodrigo,210,65,0,16,http://mercafilo.es/cuchillas-industriales/cuchillas-cutter/
15,que acero,880,65,0,25,http://mercafilo.es/clasificacion-del-acero/
16,tipos de acero,590,34,0,22,http://mercafilo.es/clasificacion-del-acero/
17,cuchilleria vaciador,390,80,0,15,http://mercafilo.es/afilado/
18,que es una chaira,260,15,0,14,http://mercafilo.es/chairas-afilado-cuchillo-profesional-completo-manual/
19,tipos de aceros,590,73,0,16,http://mercafilo.es/clasificacion-del-acero/
20,cuchillos valencia,210,25,0,15,http://mercafilo.es/
21,guantes con malla de acero,140,52,0,14,http://mercafilo.es/equipos-de-proteccion-individual/guantes-malla-anticorte/
22,cil alzira,320,65,0,17,http://mercafilo.es/almacenado-y-desinfeccion/
23,qué es una chaira,260,13,0,14,http://mercafilo.es/chairas-afilado-cuchillo-profesional-completo-manual/
24,mugafil,210,68,0,15,http://mercafilo.es/tienda/
