categoria_id,familia_id,ref_oem,marca,nom_ca,nom_es,descripcio_curta_ca,maquines_compatibles,material_aliatge,dimensions,imatge,ref_interna
CAT-01,FAM-ET-08,520-SKIN-PRIM,PRIMEdge,Ganiveta Skinner Grasselli 520mm,Ganiveta Skinner Grasselli 520mm,Ganiveta Skinner Grasselli 520mm. Compatible amb: Grasselli / Nock / Townsend. Material: Inox AISI 440C HRC 58-60. Specs: -.,Grasselli / Nock / Townsend,Inox AISI 440C HRC 58-60,520 x 40 x 1.5 mm,img/products/ET-08-01/catalog_img_1_page_1_img_1_1217x1177.jpeg,ET-08-01
CAT-01,FAM-ET-08,600-SKIN-NOCK,PRIMEdge,Ganiveta Skinner Nock 600mm,Ganiveta Skinner Nock 600mm,Ganiveta Skinner Nock 600mm. Compatible amb: Nock / Townsend / Marel. Material: Inox AISI 440C HRC 58-60. Specs: -.,Nock / Townsend / Marel,Inox AISI 440C HRC 58-60,600 x 40 x 1.5 mm,img/products/ET-08-02/catalog_img_29_page_3_img_3_269x197.jpeg,ET-08-02
CAT-01,FAM-ET-03,CUT-CFS-500,TEKBLADE,Ganiveta Cutter CFS 500L,Ganiveta Cutter CFS 500L,Ganiveta Cutter CFS 500L. Compatible amb: CFS / GEA / Seydelmann / Kramer. Material: Acer Eina D2 (1.2379). Specs: 500L / Radi 240.,CFS / GEA / Seydelmann / Kramer,Acer Eina D2 (1.2379),450 x 85 x 6 mm,img/products/ET-03-01/catalog_img_30_page_3_img_4_252x138.png,ET-03-01
CAT-01,FAM-ET-03,CUT-SEY-300*,TEKBLADE*,Ganiveta Cutter Seydelmann 300L*,Ganiveta Cutter Seydelmann 300L*,Ganiveta Cutter Seydelmann 300L*. Compatible amb: Seydelmann / Laska / Kilia*. Material: Acer Inox 420 / D2*. Specs: 300L / Radi 205*.,Seydelmann / Laska / Kilia*,Acer Inox 420 / D2*,380 x 75 x 5 mm*,img/products/ET-03/catalog_img_34_page_3_img_8_271x266.jpeg,ET-03-02*
CAT-02,FAM-SC-01,SC-KOLBE-3700,Stellar Technik,Serra Cinta 4 TPI Kolbe 3700mm,Serra Cinta 4 TPI Kolbe 3700mm,Serra Cinta 4 TPI Kolbe 3700mm. Compatible amb: Kolbe / Medoc / Mainca / Hobart. Material: Acer Carboni Temprat. Specs: 4 TPI.,Kolbe / Medoc / Mainca / Hobart,Acer Carboni Temprat,3700 x 20 x 0.6 mm,img/products/SC-01-01/catalog_1_page_13_img_1_168x126.jpeg,SC-01-01
CAT-02,FAM-SC-02,SC-MEDOC-3150,Stellar Technik,Serra Cinta 3 TPI Medoc 3150mm,Serra Cinta 3 TPI Medoc 3150mm,Serra Cinta 3 TPI Medoc 3150mm. Compatible amb: Medoc / Kolbe / Mainca. Material: Bi-metàl·lic M42*. Specs: 3 TPI.,Medoc / Kolbe / Mainca,Bi-metàl·lic M42*,3150 x 20 x 0.6 mm,img/products/SC-02-01/catalog_1_page_13_img_1_168x126.jpeg,SC-02-01
CAT-02,FAM-SC-03,SC-CONG-2850,Stellar Technik,Serra Cinta 6 TPI Congelat 2850mm,Serra Cinta 6 TPI Congelat 2850mm,Serra Cinta 6 TPI Congelat 2850mm. Compatible amb: Kolbe / Bizerba / Hobart. Material: Acer Bi-metàl·lic. Specs: 6 TPI.,Kolbe / Bizerba / Hobart,Acer Bi-metàl·lic,2850 x 20 x 0.6 mm,img/products/SC-03-01/catalog_1_page_13_img_1_168x126.jpeg,SC-03-01
CAT-03,FAM-GE-09,8318019,Heder,Ganiveta Perimetral Ulma TFS 500,Ganiveta Perimetral Ulma TFS 500,Ganiveta Perimetral Ulma TFS 500. Compatible amb: Ulma TFS / TFA / Everest. Material: Acer Inox HRC 56-58. Specs: -.,Ulma TFS / TFA / Everest,Acer Inox HRC 56-58,480 x 220 x 2 mm,img/products/GE-09-01/catalog_img_13_page_2_img_5_337x225.jpeg,GE-09-01
CAT-03,FAM-GE-01,79915201030,Rosete,Ganiveta Longitudinal Pressió Multivac,Ganiveta Longitudinal Pressió Multivac,Ganiveta Longitudinal Pressió Multivac. Compatible amb: Multivac / Tiromat / Ulma. Material: Acer L3 (1.2067). Specs: -.,Multivac / Tiromat / Ulma,Acer L3 (1.2067),77 x 19 x 5.2 mm,img/products/GE-01/catalog_img_14_page_2_img_6_229x153.jpeg,GE-01-01
CAT-03,FAM-GE-04,79935811012,Rosete,Estrella VS (Star Punch) Multivac,Estrella VS (Star Punch) Multivac,Estrella VS (Star Punch) Multivac. Compatible amb: Multivac. Material: Acer per eines. Specs: Format Estrella.,Multivac,Acer per eines,18 x 18 x 23.8 mm,img/products/GE-04/catalog_img_17_page_3_img_12_276x220.jpeg,GE-04-01
CAT-03,FAM-GE-08,MON 710000030793*,Rosete*,Ganiveta Barqueta Mondini 255mm*,Ganiveta Barqueta Mondini 255mm*,Ganiveta Barqueta Mondini 255mm*. Compatible amb: Mondini*. Material: Acer Inox HRC 56-58*. Specs: -.,Mondini*,Acer Inox HRC 56-58*,255 x 186 x 44 mm*,img/products/GE-08/catalog_img_10_page_2_img_2_237x159.jpeg,GE-08-01*
CAT-04,FAM-GC-01,HAG-TRITECH-460,Hagedorn,Ganiveta Evolutiva TRITECH Weber,Ganiveta Evolutiva TRITECH Weber,Ganiveta Evolutiva TRITECH Weber. Compatible amb: Weber Slicer 404 / 604 / 905. Material: Pols de Metall GENESIS. Specs: Radi 460mm.,Weber Slicer 404 / 604 / 905,Pols de Metall GENESIS,460 mm radi,img/products/GC-01-01/catalog_img_10_page_4_img_6_1016x412.jpeg,GC-01-01
CAT-04,FAM-GC-02,HAG-LONGLIFE-460*,Hagedorn*,Ganiveta Evolutiva LONGLIFE Weber*,Ganiveta Evolutiva LONGLIFE Weber*,Ganiveta Evolutiva LONGLIFE Weber*. Compatible amb: Weber Slicer 604 / 905*. Material: Acer per eines aliat*. Specs: Radi 460mm*.,Weber Slicer 604 / 905*,Acer per eines aliat*,460 mm radi*,img/products/GC-02/catalog_img_12_page_4_img_8_1016x412.jpeg,GC-02-01*
CAT-04,FAM-GC-06,PRI-SLICE-350,PRIMEdge,Disc Loncheadora PRIMEdge 350mm,Disc Loncheadora PRIMEdge 350mm,Disc Loncheadora PRIMEdge 350mm. Compatible amb: Llescadores industrials / Bizerba. Material: Acer Inox 440B. Specs: Diàmetre 350mm.,Llescadores industrials / Bizerba,Acer Inox 440B,350 mm diàmetre,img/products/GC-06/catalog_img_16_page_6_img_2_296x296.jpeg,GC-06-01
CAT-05,FAM-CT-01,CT-BIZ-203,Codewel,Capçal Tèrmic Bizerba GLP 203DPI,Capçal Tèrmic Bizerba GLP 203DPI,Capçal Tèrmic Bizerba GLP 203DPI. Compatible amb: Bizerba GLP / GV / GS / GH. Material: Capa Ceràmica KTE. Specs: 203 DPI.,Bizerba GLP / GV / GS / GH,Capa Ceràmica KTE,108 mm amplada,img/products/CT-01-01/catalog_img_1_page_10_img_1_1252x1695.jpeg,CT-01-01
CAT-05,FAM-CT-02,CT-ZEB-300*,TPH*,Capçal Tèrmic Zebra ZT410 300DPI*,Capçal Tèrmic Zebra ZT410 300DPI*,Capçal Tèrmic Zebra ZT410 300DPI*. Compatible amb: Zebra ZT410 / ZT420*. Material: Capa Ceràmica*. Specs: 300 DPI*.,Zebra ZT410 / ZT420*,Capa Ceràmica*,104 mm amplada*,img/products/CT-02/catalog_img_3_page_12_img_1_1252x1695.jpeg,CT-02-01*
CAT-06,FAM-AB-01,AB-KNECHT-120,PRIMEdge,Banda Esmolar Knecht Grit 120,Banda Esmolar Knecht Grit 120,Banda Esmolar Knecht Grit 120. Compatible amb: Knecht / Mado / Dick / Tru-Hone. Material: Corindó Noble Blau. Specs: Grit 120.,Knecht / Mado / Dick / Tru-Hone,Corindó Noble Blau,1000 x 50 mm,img/products/AB-01-01/catalog_1_page_1_img_1_1217x1177.jpeg,AB-01-01
CAT-06,FAM-AB-03,AB-DIAM-150*,PRIMEdge*,Roda Diamantada Esmoler Knecht*,Roda Diamantada Esmoler Knecht*,Roda Diamantada Esmoler Knecht*. Compatible amb: Knecht / Mado / Tru-Hone*. Material: Diamant Sintètic*. Specs: Grit 240*.,Knecht / Mado / Tru-Hone*,Diamant Sintètic*,150 x 20 mm*,img/products/AB-03-01/catalog_1_page_1_img_1_1217x1177.jpeg,AB-03-01*
